Occupation,Lifespans
Exsanguination,"[50, 36, 46, 23, 63]"
Traffic collision,"[71, 51, 83, 38, 58, 69, 29, 39, 62, 72, 34, 2005, 24, 60, 55, 30, 19, 69, 42, 47, 76, 34, 41, 38, 56, 16, 32, 68, 74, 64]"
Perforated ulcer,[53]
Pancreatic cancer,"[74, 79, 70, 85, 96, 73, 73, 63, 78, 69, 64, 77, 56, 55, 52, 69, 82, 69, 66, 78, 66, 67, 73, 70, 75, 75, 95, 95, 70, 78, 71, 73, 80, 77, 80, 66, 64, 70, 67, 54, 82, 78, 55, 73, 87, 56, 83, 65, 68, 81, 79, 71, 62, 70, 76, 71, 66, 90, 70, 76, 71, 61, 69, 67, 64, 68, 72]"
Amyotrophic lateral sclerosis,"[68, 64, 62, 70, 80, 82, 66, 69, 65, 73, 72, 71, 83, 66]"
Myocardial infarction,"[83, 65, 52, 71, 78, 82, 52, 82, 80, 82, 63, 87, 68, 60, 44, 86, 41, 72, 54, 53, 57, 66, 72, 60, 57, 71, 52, 64, 64, 67, 64, 100, 63, 61, 55, 57, 69, 72, 58, 84, 66, 50, 92, 85, 69, 65, 70, 47, 76, 65, 74, 68, 83, 61, 76, 44, 65, 65, 63, 81, 64, 65, 69, 69, 55, 64, 50, 54, 92, 63, 53, 58, 70, 78, 56, 60, 79, 74, 67, 59, 71, 77, 66, 66, 64, 34, 60, 71, 63, 78, 56, 75, 62, 89, 51, 63, 70, 83, 46, 83, 77, 38, 39, 88, 65, 64, 63, 47, 61, 64, 76, 80, 44, 56, 76, 52, 59, 69, 56, 89, 49, 78, 66, 65, 34, 55, 66, 72, 68, 60, 51, 48, 62, 84, 43, 56, 59, 73, 84, 72, 91, 82, 74, 70, 89, 78, 67, 92, 61, 83, 49, 70, 45, 62, 53, 60, 71, 86, 82, 69, 75, 78, 59, 49, 51, 67, 59, 91, 94, 50, 62, 67, 66, 87, 47, 75, 76, 68, 94, 65, 59, 47, 38, 51, 52, 76, 53, 62, 64, 60, 85, 77, 78, 50, 67, 86, 43, 74, 73, 77, 95, 66, 86, 54, 67, 92, 70, 78, 80, 47, 61, 82, 42, 69, 78, 80, 54, 80, 69, 97, 72, 70, 63, 79, 44, 71, 36, 51, 44, 58, 90, 88, 81, 71, 62, 57, 56, 74, 66, 78, 68, 41, 56, 90, 82, 70, 59, 65, 64, 62, 66, 87, 64, 59, 82, 67, 77, 66, 60, 47, 58, 70, 86, 68, 60, 38, 48, 75, 73, 55, 65, 81, 46, 69, 63, 59, 72, 87, 74, 60, 66, 86, 66, 80, 68, 53, 73, 75, 51, 59, 71, 51, 57, 88, 56, 85, 64, 53, 58, 63, 73, 53, 61, 83, 54, 69, 72, 87, 91, 66, 74, 65, 49, 77, 85, 74, 65, 56, 36, 80, 74, 75, 68, 47, 72, 56, 55, 77, 58, 86, 75, 53, 43, 79, 68, 54, 70, 78, 54, 74, 70, 83, 62, 50, 71, 71, 70, 92, 74, 90, 69, 81, 64, 56, 78, 64, 72, 60, 39, 79, 51, 65, 45, 62, 72, 80, 55, 83, 67, 72, 57, 70, 75, 76, 38, 46, 88, 56, 84, 85, 81, 57, 68, 56, 71, 49, 63, 74, 72, 77, 70, 54, 61, 64, 61, 83, 36, 64, 52, 54, 54, 70, 52, 66, 60, 83, 56, 91, 85, 87, 49, 60, 44, 44, 46, 82, 51, 77, 93, 51, 64, 82, 74, 58, 65, 50, 78, 46, 71, 67, 59, 83, 76, 54, 51, 92, 73, 67, 31, 62, 64, 89, 64, 55, 64, 70, 84, 64, 49, 64, 47, 65, 57, 54, 71, 66, 74, 84, 63, 87, 68, 84, 86, 73, 67, 59, 75, 57, 62, 72, 63, 69, 77, 81, 67, 70, 75, 80, 82, 76, 59, 53, 59, 82, 62, 38, 57, 64, 96, 91, 83, 74, 78, 71, 58, 58, 80, 70, 85, 81, 77, 78, 75, 51, 63, 87, 42, 41, 40, 67, 76, 62, 76, 63, 55, 82, 69, 65, 91, 44, 60, 69, 70, 51, 57, 81, 75, 51, 74, 36, 61, 78, 78, 78, 67, 59, 85, 65, 48, 71, 49, 56, 60, 74, 55, 71, 60, 57, 31, 42, 71, 82, 77, 59, 80, 81, 62, 44, 90, 78, 85, 72, 55, 87, 72, 80, 62, 54, 63, 68, 75, 57, 61, 78, 67, 77, 69, 46, 67, 85, 89, 75, 66, 42, 61, 58, 72, 67, 55, 94, 64, 73, 55, 81, 71]"
Ballistic trauma,"[2007, 24, 56, 57, 30, 58, 32, 32, 37, 40, 20, 21, 42, 64, 28, 51, 58, 51, 49, 27, 22, 22, 28, 29, 24, 41]"
Heart failure,"[60, 95, 74, 86, 64, 85, 65, 76, 94, 78, 63, 92, 70, 93, 67, 82, 30, 70, 86, 84, 89, 72, 83, 88, 89, 66, 89, 83, 92, 70, 66, 62, 80, 90, 85, 78, 85, 94, 71, 65, 89, 94, 78, 90, 94, 94, 85, 81, 68, 88, 55, 42, 83, 91, 87, 65, 71, 97, 88, 77, 44, 60, 73, 83, 58, 66, 82, 85, 77, 83, 91, 91, 107, 82, 67, 75, 87, 51, 44, 67, 84, 50, 89, 54, 80, 87, 70, 48, 82, 60, 86, 53, 78, 78, 76, 80, 95, 92, 67, 71, 95, 88, 100, 75, 81, 97, 79, 82, 79, 73, 89, 94, 95, 76, 71, 77, 67, 92, 89, 85, 93, 79, 97, 42, 83, 58, 51, 114, 86, 52, 40, 83, 74, 82, 86, 85, 96, 90, 82, 86, 71, 86, 66, 68, 65, 73]"
Alzheimer's disease,"[81, 93, 75, 70, 83, 78, 92, 91, 83, 93, 93, 88, 82, 94, 79, 84, 80, 87, 86, 93, 81, 84, 87, 85, 82, 82, 79, 88, 85, 78, 79, 69, 81, 90, 87, 73, 77, 76, 83, 94, 74, 81, 94, 73, 64, 91, 93, 72, 74, 95, 83, 90, 83, 90, 71, 89]"
Pernicious anemia,"[30, 54, 66, 59, 46, 51]"
Cancer,"[81, 64, 73, 72, 78, 81, 80, 60, 65, 44, 80, 39, 45, 63, 80, 74, 77, 64, 61, 80, 61, 79, 39, 63, 89, 86, 69, 88, 72, 67, 82, 87, 81, 76, 70, 73, 70, 64, 66, 68, 85, 81, 73, 80, 53, 93, 72, 71, 50, 57, 56, 79, 73, 74, 73, 68, 56, 81, 68, 72, 68, 53, 69, 64, 62, 89, 79, 79, 84, 76, 58, 54, 63, 86, 64, 89, 82, 83, 74, 64, 78, 68, 72, 57, 71, 68, 70, 67, 59, 72, 67, 73, 68, 86, 88, 78, 84, 79, 87, 63, 80, 88, 81, 80, 58, 70, 61, 82, 91, 67, 66, 59, 85, 76, 65, 82, 68, 77, 74, 66, 66, 56, 54, 59, 72, 57, 70, 85, 55, 70, 74, 66, 89, 83, 66, 86, 83, 67, 69, 56, 75, 68, 86, 64, 58, 62, 76, 89, 86, 49, 45, 82, 73, 59, 67, 52, 55, 63, 62, 80, 92, 61, 84, 76, 63, 68, 69, 81, 68, 54, 58, 90, 61, 71, 63, 83, 62, 69, 49, 86, 72, 96, 85, 60, 75, 63, 82, 60, 72, 85, 76, 83, 87, 49, 56, 80, 98, 68, 77, 61, 82, 74, 89, 86, 75, 77, 51, 45, 70, 48, 69, 74, 79, 76, 73, 72, 80, 69, 72, 75, 74, 72, 67, 74, 51, 82, 71, 17, 69, 68, 78, 60, 87, 80, 70, 83, 70, 65, 72, 77, 54, 91, 75, 57, 70, 60, 87, 81, 66, 83, 84, 73, 79, 93, 86, 72, 70, 91, 82, 79, 66, 68]"
Breast cancer,"[60, 67, 83, 82, 71, 67, 61, 75, 58, 64, 61, 65, 78, 77, 79, 66, 59, 89, 55, 65, 58, 44, 49, 78, 59, 64, 66, 69, 66, 66, 57, 66, 71, 74, 77, 51, 41, 74, 81, 63, 68, 80, 73, 57, 63, 47, 81, 54, 81, 58, 75, 45]"
Suicide,"[32, 52, 40, 71, 65, 50, 56, 66, 47, 37, 57, 66, 53, 23, 39, 41, 40, 79, 63, 66, 67, 49, 87, 48, 54, 51, 52, 52, 29, 42, 71, 28, 65, 41, 58, 47, 53, 71, 59, 43, 75, 56, 42, 47, 52, 55, 64, 58, 70, 43, 32, 80, 50, 47, 37, 42, 39, 52, 59, 25, 60, 49, 44, 42, 60, 68, 66, 46, 58, 25, 71, 62, 42, 39, 82, 55, 72, 49, 54, 60, 66, 50, 42, 45, 41, 58, 42, 47, 65, 62, 67, 69, 44, 59, 44, 46, 46, 41, 76, 62, 27, 23, 55, 74, 66, 66, 47, 59]"
Anorexia nervosa,[49]
Cardiovascular disease,"[89, 76, 72, 66, 69, 69, 61, 82, 72, 83, 82, 73, 77, 53, 71, 60, 69, 54, 72, 54, 88, 89, 54, 81, 87, 93, 67, 67, 46, 63, 81, 78, 76, 77, 80, 70, 84, 62, 59, 49, 81, 80, 86, 62, 65, 59, 77, 69, 79, 64, 67, 73, 82, 84, 81, 55]"
Glioblastoma multiforme,[71]
Stroke,"[88, 76, 70, 73, 75, 99, 55, 68, 58, 92, 65, 88, 70, 78, 74, 90, 88, 78, 67, 76, 75, 73, 90, 71, 89, 98, 59, 70, 54, 83, 77, 75, 60, 88, 80, 75, 79, 75, 83, 80, 84, 73, 79, 68, 71, 72, 77, 57, 90, 73, 71, 81, 65, 82, 83, 70, 76, 108, 63, 59, 88, 90, 74, 85, 102, 61, 87, 85, 82, 74, 78, 82, 0, 65, 86, 83, 69, 53, 62, 87, 63, 66, 69, 80, 96, 85, 54, 68, 75, 70, 74, 87, 72, 68, 81, 93, 86, 84, 88, 79, 60, 90, 56, 89, 79, 82, 85, 56, 83, 102, 70, 45, 66, 71, 82, 85, 73, 87, 88, 78, 71, 104, 85, 67, 96, 87, 88, 78, 67, 71, 87, 53, 87, 83, 77, 63, 67, 54, 75, 65, 82, 82, 54, 89, 72, 67, 86, 77, 91, 85, 53, 63, 48, 76, 65, 87, 71, 69, 83, 85, 89, 70, 77, 90, 84, 72, 45, 59, 76, 104, 77, 91, 83, 67, 59, 84, 83]"
The Holocaust,"[49, 47, 77, 36, 82, 27, 35, 69, 27, 40, 76, 16, 47, 49, 65, 34, 18, 57, 67, 37]"
Lung cancer,"[87, 55, 72, 82, 57, 70, 78, 80, 81, 74, 68, 61, 72, 72, 74, 86, 80, 94, 77, 88, 69, 83, 81, 47, 63, 76, 65, 74, 72, 46, 52, 70, 79, 83, 67, 77, 45, 84, 84, 81, 63, 75, 53, 85, 91, 65, 63, 66, 72, 76, 60, 75, 67, 65, 71, 86, 86, 82, 76, 82, 57, 80, 65, 75, 63, 63, 50, 67, 88, 78, 57, 81, 80, 71, 46, 77, 86, 76, 84, 49, 72, 79, 62, 67, 84, 80, 64, 58, 70, 56, 61, 47, 61, 74, 63, 46, 79, 79, 80, 62, 86, 85, 80, 81, 77, 67, 77, 72, 71, 50, 78, 80, 72, 73, 49, 81, 73, 69, 62, 70, 82, 83, 81, 60, 55, 85, 69, 72, 81, 58, 57, 82, 77, 77, 76, 65, 79, 49, 59, 73, 53, 66, 86, 76, 70, 63, 72, 82, 73, 70, 65, 81, 69, 83, 71, 82, 62, 85, 57, 72, 70, 74, 67, 71, 68, 51, 71, 63, 62, 79, 86, 70, 59, 67, 100, 81, 63, 59]"
Embolism,"[65, 57, 43, 62, 65, 82]"
Influenza,"[82, 60, 75, 59, 46, 76, 60, 68]"
Death by natural causes,"[108, 73, 84, 104, 94, 82, 84, 128, 96, 78, 95, 97, 83, 86, 88, 95, 94, 96, 77, 114, 89, 86, 87, 115, 86, 75, 102, 81, 116, 96, 52, 91, 92, 78, 88, 77, 107, 96, 70, 73, 98, 113, 101, 91, 96, 101, 89, 89, 78, 98, 95, 93, 92, 97, 81, 96, 87, 169, 80, 80, 110, 92, 89, 85, 85, 94, 88]"
Bubonic plague,[35]
Apoplexy,"[81, 56, 58, 71, 69, 53, 78, 89, 72, 73, 61, 62, 61, 33]"
Esophageal cancer,"[58, 73, 68, 74, 73, 60, 65, 89, 67, 63, 57, 54, 76, 80, 60, 77, 82, 89, 59, 89, 73, 80, 73, 68, 61, 60, 87, 65, 59, 76, 91, 72, 75, 58, 71, 64, 58, 77, 78, 77, 75]"
Blunt trauma,"[40, 7, 66]"
Respiratory failure,"[82, 86, 76, 96, 78, 58, 67, 95, 82, 86, 79, 90, 91, 89, 93, 83, 91, 80, 81, 85, 78, 54, 81, 85, 91, 116, 95]"
Tuberculosis,"[29, 52, 32, 54, 47, 51, 37, 28, 24, 34, 45, 56, 35, 23, 39, 37, 27, 53, 60, 21, 85, 35, 40, 31, 31, 55, 38, 45, 33, 26, 54, 29, 35, 38, 46, 28, 59, 39, 45, 23, 52, 70, 36, 34, 75, 44, 67, 65, 21, 30, 39, 24, 21, 73]"
Foodborne illness,[68]
Sudden cardiac death,[78]
Murder,"[40, 38, 35, 35, 51, 74, 19, 42, 40, 78, 30, 22, 55, 31, 34, 21, 31, 25, 76, 49, 50, 25, 45, 40, 32, 67, 21, 37, 56, 32, 50, 29, 21, 62, 32]"
Skin cancer,"[75, 68, 76, 54, 87]"
Renal failure,"[66, 95, 91, 94, 82, 52, 112, 61, 82, 79, 73, 88, 89, 64, 77, 73, 75, 83, 80, 82, 64, 53, 80, 90, 82, 76, 94, 69, 76, 87, 81, 78, 77, 77, 89, 75, 116, 88, 96, 69]"
Brain tumor,"[57, 77, 71, 76, 72, 64, 72, 60, 58, 51, 45, 74, 75, 54, 51, 72, 68, 72, 63, 88, 72, 56, 52, 68, 71, 56, 56, 63, 71, 52, 70, 58, 67, 76, 69, 53, 65, 47, 58, 64, 79, 64, 67]"
Hanging,"[36, -25, 52, 40, 23, 23, 62, 27, 28, 25, 59, 33, 25, 26, 29, 52, 49, 33, 38, 39, 56, 43, 39, 50, 54, 26, 23, 55, 54, 52]"
Chronic obstructive pulmonary disease,"[68, 53, 80, 71, 93, 86, 86, 62, 84, 95, 86, 55, 67, 65, 70, 80, 68, 76, 87, 74, 77, 80, 77, 72, 81, 76, 83, 84, 70, 75, 77, 57, 84, 67, 70, 77, 79, 71, 81, 82, 77, 64, 85, 75, 84, 49, 86, 84, 70, 80, 83, 84, 83, 63, 84, 53, 77, 83, 80, 79, 81, 77, 82, 72, 71, 75, 74, 78, 77, 74, 90, 79, 72, 70]"
Complication (medicine),"[68, 73, 71, 92, 73, 88, 87, 67, 65]"
Homicide,"[65, 91, 5, 49, 63, 25, 28, 26, 22, 50, 23, 34, 14, 30, 22, 7, 41]"
Hepatitis,"[51, 54, 83, 72, 61, 48, 46, 73]"
Acute kidney injury,"[51, 71, 62]"
Pulmonary hemorrhage,"[74, 65]"
Decapitation,"[53, 48, 52, 19, 46, 49, 64, 32]"
Stomach cancer,"[92, 95, 45, 63, 75, 65, 57, 53, 59, 79, 72, 53, 83, 74, 71, 85, 79, 65, 63, 64, 78, 68, 79, 68, 83, 64, 65, 62, 74, 97, 80, 70, 64, 57, 94, 61, 83]"
Leukemia,"[86, 84, 88, 92, 81, 64, 81, 12, 89, 57, 71, 61, 86, 48, 68, 55, 81, 57, 90, 77, 73, 11, 50, 81, 63, 78, 87, 73, 57, 76, 76, 48, 83, 70, 73, 52, 72, 36, 47, 94, 79, 74, 85, 62, 32, 79, 31, 91, 76, 76, 65, 79, 57, 65, 61, 62]"
Prostate cancer,"[88, 83, 82, 66, 89, 81, 80, 70, 79, 62, 73, 65, 53, 78, 71, 72, 78, 89, 90, 87, 69, 90, 82, 71, 66, 91, 82, 72, 80, 83, 74, 64, 85, 91, 68, 67, 72, 79, 81, 91, 68, 92, 87, 71, 80, 91, 69, 72, 59, 89, 81, 75, 86, 68, 72]"
Parkinson's disease,"[83, 82, 77, 89, 84, 84, 82, 91, 83, 81, 83, 76, 68, 83, 77, 82, 84, 76, 87, 77, 86, 76, 87, 89, 68, 88, 78, 80, 74, 67]"
Assassination,"[55, 61, 46, 39, 66, 54, 60, 42, 60, 39, 57, 59, 66, 52, 41, 47]"
Depression (mood),[81]
Thrombus,"[80, 65, 89, 75, 118, 68, 80, 81]"
Peritonitis,"[26, 35, 42, 31, 58]"
Urinary bladder disease,[26]
Bone tumor,"[70, 77, 68, 74, 62, 45, 63, 84, 77, 74, 54, 61, 61, 77]"
Aortic aneurysm,"[69, 62, 90, 77, 62, 67, 92]"
Cardiac arrest,"[65, 66, 98, 79, 91, 72, 87, 84, 61, 85, 87, 76, 77, 65, 54, 66, 70, 82, 69, 65, 44, 85, 76, 67, 47, 59, 99, 83, 80, 81, 83, 90, 68, 85, 89, 79, 75, 62, 87, 80, 85, 71, 57, 100, 65, 83, 62, 65, 42, 60]"
Mesothelioma,"[75, 72, 50, 67, 66]"
Pancreatitis,"[65, 49, 44, 90, 63]"
Pneumonia,"[99, 49, 82, 87, 74, 77, 62, 93, 91, 81, 102, 84, 40, 90, 72, 76, 71, 86, 83, 104, 98, 61, 89, 89, 86, 82, 84, 76, 79, 67, 94, 72, 49, 73, 76, 121, 168, 94, 54, 51, 59, 89, 83, 57, 82, 92, 40, 77, 73, 95, 31, 86, 84, 81, 97, 19, 76, 84, 82, 82, 65, 33, 41, 64, 85, 61, 114, 83, 45, 79, 59, 51, 73, 36, 75, 34, 92, 76, 62, 69, 71, 22, 64, 90, 86, 75, 70, 43, 40, 87, 82, 82, 76, 58, 67, 87, 86, 68, 81, 84, 48, 56, 29, 72, 46, 69, 86, 34, 61, 60, 92, 56, 60, 65, 30, 73, 85, 86, 82, 67, 55, 95, 95, 76, 72, 94, 97, 89, 73, 85, 80, 97, 96, 85, 66, 95, 105, 69, 82, 91, 115, 87, 64, 90, 98, 50, 69, 68, 115, 91, 83, 71, 56, 47, 65, 57, 50, 59, 84, 69, 86, 117, 43, 97, 114, 81, 86, 89, 70, 67, 90, 64, 37, 78, 59, 71, 84, 88, 29, 88, 74, 52, 85, 35, 69, 69, 68, 67, 68, 67, 78, 88, 62, 59, 82, 80, 77, 89, 59, 91, 55, 94, 65, 95, 70, 86, 52, 70, 64, 86, 83, 67, 77, 93, 81, 91, 89, 96, 58, 40, 81, 51, 46, 75, 67, 79, 100, 54, 48, 116, 68, 67, 39, 59, 56, 43, 59, 73, 73, 80, 66, 59, 71, 84, 92, 54, 35, 62, 57, 72, 114, 77, 91, 98, 96, 88, 100, 72, 81, 82, 59, 94, 83, 84, 80, 66, 63, 92, 58, 50, 117, 85, 76, 68, 65, 70, 87, 50, 74, 53, 81, 63]"
Kidney disease,"[75, 70, 63, 67, 58, 58]"
Lobar pneumonia,"[76, 34, 33]"
Barbiturate overdose,"[28, 51, 39, 69, 41, 47, 33, 51, 36, 46]"
Starvation,[45]
Lymphoma,"[66, 87, 87, 67, 51, 68, 30, 72, 72, 60, 81, 62, 59, 82, 73, 84, 77, 46, 83]"
Diabetes mellitus,"[66, 66, 79, 78, 82, 75, 82, 83, 82, 80, 76, 73, 44, 77, 83, 51, 80, 69, 79, 91, 78, 50, 82, 75, 73, 54, 62, 84, 63, 88, 79, 77, 59, 68]"
Smallpox,"[9, 69, 26, 46, 52, 85]"
Dysentery,"[52, 42, 60]"
Aviation accidents and incidents,"[47, 39, 25, 44, 28, 32, 19, 33, 45, 59, 30, 27, 43, 29, 26, 36, 31, 54, 43, 29, 43, 20, 33, 69]"
Head and neck cancer,"[63, 74, 67, 64, 67, 77, 83, 79, 64, 65, 50, 68, 66, 65, 61, 71, 67, 57, 73, 93, 76]"
Military Police (Brazil),[18]
Disease,"[85, 65]"
Cerebral hemorrhage,"[66, 83, 72, 82, 71, 59, 55, 36, 68, 66, 22, 61, 92, 61, 69, 49, 82, 47, 75, 55, 69, 78, 60, 60, 76, 69, 82, 88, 59, 65, 80, 52, 87, 48, 86, 73, 55, 65, 78, 42, 65, 62, 57, 68, 44, 70, 60, 67, 50, 72, 54, 71, 47]"
Bladder cancer,"[80, 81, 87, 62, 76, 87, 83, 64, 91, 84, 93, 72, 77, 79]"
Hanged drawn and quartered,"[45, 35, 83]"
Cirrhosis,"[50, 66, 63, 49, 46, 53, 60, 56, 47, 36, 57, 68, 66, 52, 63, 42, 76]"
Mining accident,[65]
Friendly fire,[21]
Infection,"[93, 22, 115]"
Battle of Tiro,[38]
Typhoid fever,"[29, 38, 58, 44, -1718, 50, 69, 49, 49, 64, 76, 23, 53, 49, 30, 50, 37]"
Metastatic breast cancer,"[61, 66, 74, 66]"
Colorectal cancer,"[62, 82, 66, 88, 80, 72, 64, 71, 74, 74, 64, 54, 53, 53, 64, 48, 74, 71, 60, 66, 68, 54, 55, 82, 58, 68, 67, 65, 61, 77, 94, 66, 90, 75, 64, 78, 63, 66, 65, 63, 83, 80, 83]"
Health,[88]
Pulmonary edema,"[60, 80, 80, 51, 68]"
Strangling,"[5, 20]"
Execution by firing squad,"[31, 44, 26, 36, 35, 57, 30, 35, 48, 23, 36, 37, 35, 21, 62, 44, 28, 51, 37, 41, 38, 41, 27, 49, 24, 31, 30, 27, 28, 30, 28, 29, 24, 41, 61]"
Liver cancer,"[66, 70, 67, 87, 77, 81, 69, 45, 66, 66, 70, 56, 43, 69, 53, 79, 80, 69, 70, 84, 74, 70, 65, 71, 64, 58, 64, 80, 70]"
AIDS,"[50, 50, 51, 39, 46, 53, 42, 60, 59, 55, 42, 42, 53, 44, 60, 30, 53, 45, 55, 41, 42, 63, 41, 45]"
Liver failure,"[50, 52, 52, 61, 53, 55, 65, 63, 65, 40, 59, 62, 63]"
Capital punishment,"[56, 65, 18, 43, 8, 29, 36, 73, 21, 42, 80, 36, 40, 42, 51, 54, 46, 39, 38, 31, 39]"
Cardiac arrhythmia,"[75, 72]"
Skull fracture,"[20, 43]"
Republikflucht,[54]
Angina pectoris,"[79, 62, 47]"
Coronary thrombosis,"[55, 77, 54, 59, 41, 44, 66, 69, 54, 66, 77, 63, 87]"
Dementia with Lewy bodies,"[85, 79]"
Marfan syndrome,[64]
Appendicitis,"[34, 32, 55, 72]"
Cyanide poisoning,[33]
Drowning,"[62, 88, 62, 50, 20, 29, 38, 29, 39, 45, 43, 66]"
Idiopathic pulmonary fibrosis,"[69, 75, 70, 74]"
World War I,[31]
Killed in action,"[31, 44, 24, 28, 39, 28, 27, 24, 30, 45, 41]"
Uterine cancer,"[92, 65, 53, 74, 74, 82]"
Torture,[55]
Hypothermia,"[26, 47, 72, 16]"
Suicide methods,"[36, 67, 63, 31, 69, 62, 49, 50]"
Diphtheria,"[63, 13, 29]"
Arteriosclerosis,"[69, 74, 76, 54, 67, 62, 91, 81, 59]"
Nephritis,"[72, 53, 26, 87, 72, 76, 41, 30]"
Liver tumor,[33]
Iroquois,[44]
Summary execution,[34]
Anemia,[92]
Progressive supranuclear palsy,"[72, 81, 67]"
Hepatocellular carcinoma,"[56, 65, 50, 61, 91, 86, 62, 57]"
Renal cell carcinoma,"[56, 63]"
Lynching,[31]
Shooting,"[69, 27]"
Viral disease,[65]
Cholera,"[41, 35, 35, 63, 47, 76, 52, 65]"
Circulatory system,[86]
Typhus,"[59, 32, 5, 27]"
Death by burning,"[60, 34, 44, 30, 42, 36]"
Melanoma,"[54, 70, 69, 92, 71, 45, 91, 59, 36, 90]"
Malaria,"[72, 28, 66, 60, 5, 54]"
Uremia,"[76, 26]"
Acute radiation syndrome,"[36, 24]"
William I de La Marck,[44]
Aortic dissection,"[78, 55, 72]"
Pulmonary fibrosis,"[61, 90, 73, 78, 85, 77, 73]"
Respiratory disease,"[81, 86, 89, 98, 61, 62, 91]"
Pulmonary embolism,"[74, 74, 43, 56, 80, 69, 44, 66]"
Neoplasm,[59]
Hunger strike,"[31, 34, 25, 84]"
Armenian Genocide,[29]
Dementia,"[94, 98, 72]"
Intracranial aneurysm,"[75, 65, 62, 57, 45, 65]"
Old age,"[82, 86]"
Intracranial hemorrhage,"[65, 43]"
Cardiac asthma,[71]
SFOR,[50]
Sokushinbutsu,[79]
Duel,"[29, 41]"
Hernia,"[54, 38]"
Laudanum,"[61, 56]"
Meningitis,"[52, 24, 19, 33, 38, 34, 51, 67]"
Asthma,"[84, 55, 76, 90, 61, 85]"
Fear,[54]
Kidney cancer,"[71, 69, 67, 87, 60, 85]"
Peptic ulcer,"[69, 87, 83, 94, 87]"
Jaundice,"[48, 42]"
Pleurisy,"[39, 41, 82, 25, 74]"
Liver disease,"[64, 40, 73, 78, 84]"
Tomahawk (axe),[64]
Aorta,"[58, 59]"
Aneurysm,"[58, 83, 53, 53, 106, 65, 63, 68]"
Ovarian cancer,"[55, 43, 57, 85, 49, 50, 57, 57, 78, 62, 53, 77, 51, 78, 49, 43, 68]"
Hit and run,"[83, 73]"
Leprosy,[41]
Dacoity,[21]
Subarachnoid hemorrhage,"[80, 66]"
Jiang Qing,[47]
Thyroid cancer,[62]
Myelodysplastic syndrome,"[71, 85, 83, 73, 87, 84]"
Essential thrombocytosis,[67]
Childbirth,"[20, 22, 38]"
Multiple myeloma,"[72, 79, 71, 84, 65, 81, 76, 72, 58, 46, 54, 55, 73]"
Bright's disease,"[75, 33, 50, 70, 55, 74, 56, 23, 54, 53, 62, 60]"
Cancer of unknown primary origin,[74]
Canal Hotel bombing,[55]
Laryngeal cancer,[70]
Epidemic typhus,[52]
Thai people,[55]
Political repression,[74]
Atherosclerosis,"[72, 76, 68]"
Gastrointestinal bleeding,[58]
Canadian Pacific Railway,[65]
Sepsis,"[58, 67, 28, 71, 25, 73, 11, 17, 67, 67, 70]"
Sicilian Mafia,"[52, 58, 54, 49, 53]"
Status epilepticus,[37]
Guillotine,"[40, 23, 41, 39, 25, 49]"
Assassination of Pim Fortuyn,[54]
Measles,[63]
Potassium cyanide,"[21, 18]"
Crohn's disease,[69]
Bronchitis,"[83, 93, 87, 89, 34, 78]"
Car bomb,"[44, 44]"
Dengue fever,[80]
Terrorism,[32]
Yellow fever,"[76, 66, 60, 46, 47, 48, 59, 37, 65]"
Hypertensive heart disease,[68]
Improvised explosive device,[51]
Electrocution,[56]
Lung,[62]
NKVD,"[70, 54]"
Nine familial exterminations,[45]
Martyr,[42]
Scarlet fever,"[43, 4]"
Dyspnea,[80]
Macola,[56]
Acromegaly,[34]
Fournier gangrene,[69]
Multiple organ dysfunction syndrome,"[65, 87, 78, 85, 80, 87]"
Cerebral venous sinus thrombosis,[65]
Fox hunting,[36]
Carriage,[17]
Seppuku,"[61, 60]"
Delirium,[116]
Coronary occlusion,"[58, 67, 47, 70, 49, 74, 78, 67, 62]"
Cervical cancer,"[67, 49]"
Pick's disease,[76]
Motorcycle,[42]
Myasthenia gravis,[87]
Stabbing,"[52, 22, 29, 70, 65]"
Systemic lupus erythematosus,"[63, 67, 69]"
Erysipelas,"[59, 59, 54]"
Plague (disease),[34]
Gallows,"[32, 27]"
Crucifixion of Jesus,[23]
Malignancy,[57]
Toxic shock syndrome,[54]
Driver deaths in motorsport,[30]
Common cold,[115]
Diverticulosis,[71]
Coronary artery disease,"[85, 38]"
Major trauma,[83]
Water speed record,[53]
Opioid overdose,[45]
Fatigue (medical),"[59, 60, 11]"
Cerebral edema,"[26, 51]"
Cardiomyopathy,[62]
Rheumatism,"[51, 33]"
Lead poisoning,"[26, 47, 32]"
Spinal tumor,"[86, 74, 48]"
Lymphoid leukemia,[65]
Great Purge,[52]
Scrub typhus,[33]
Battle of the Somme,"[46, 31]"
Edema,"[74, 42, 82]"
George Scarborough,[57]
Tetanus,"[32, 33]"
Terminal illness,[69]
Cardiac surgery,"[73, 68, 77, 67, 69, 73]"
Pneumonitis,[62]
Paiute,[41]
Syphilis,"[33, 49]"
Execution by shooting,[34]
Operation Aphrodite,[29]
Hodgkin's lymphoma,"[44, 59]"
Alcohol intoxication,[32]
Poison,"[63, 57, 24, 39, 52, 54, 28, 45, 32]"
Battle of Mu'tah,[39]
Shahid,[39]
Poliomyelitis,[38]
John Wesley Hardin,[34]
Thrombosis,[83]
Falling (accident),"[97, 88, 46, 74, 87]"
Polyneuropathy,[37]
Gunshot,"[24, 33, 35, 34, 70, 38]"
Cocaine,"[43, 37]"
Scurvy,[42]
Uveal melanoma,[71]
Honduras,[59]
Primary progressive aphasia,[74]
Electric chair,[51]
Acute pancreatitis,[82]
Acute respiratory distress syndrome,"[61, 69, 67]"
Boiling liquid expanding vapor explosion,[54]
Carcinoid,[85]
Synovial sarcoma,[56]
Allies of World War II,[80]
Fire,[64]
Bleeding,[67]
Asphyxia,"[34, 69, 55, 73, 85]"
Shock (circulatory),"[81, 64]"
Nervous system,[78]
Epileptic seizure,"[39, 69]"
Appendectomy,[94]
Drug overdose,"[59, 43, 42]"
Assisted suicide,[55]
Lupus erythematosus,[87]
Cytomegalovirus,[57]
Congenital heart defect,[32]
Vascular disease,[84]
Testicular cancer,[52]
Endocarditis,[62]
White Ship,[26]
Barbiturate,[37]
Oral cancer,"[75, 86, 65]"
Assassination of Mahatma Gandhi,[79]
Kuomintang,[24]
Robben Island,[75]
Multiple sclerosis,"[54, 71, 59]"
Neuroendocrine tumor,[65]
Carbon monoxide poisoning,"[60, 29, 41]"
Septic shock,"[116, 58]"
Aplastic anemia,[67]
Alcoholism,"[39, 39, 29, 50]"
Bacteremia,[24]
Adenoid cystic carcinoma,[69]
Hafte Tir bombing,[37]
Inflammatory breast cancer,[63]
Trichinosis,[68]
Fever,"[35, 29]"
Ustaše,[57]
Shia Islam,[24]
Portal vein thrombosis,[46]
Ulster loyalism,[57]
Gallbladder cancer,[73]
Dextropropoxyphene,[59]
Multiple system atrophy,[59]
Letter bomb,[39]
Suicide by hanging,[46]
Leiomyosarcoma,[39]
Lyme disease,[54]
Coronary artery bypass surgery,[72]
Cardiomegaly,[43]
Endometrial cancer,[71]
Pneumothorax,[68]
World War II,[24]
Schießbefehl,"[21, 37, 48, 18, 24]"
Organ dysfunction,"[114, 67]"
Cervical fracture,[28]
Myocarditis,"[59, 61, 22]"
Brain fever,[38]
Subdural hematoma,[88]
Abscess,[29]
Iranian Armenians,[87]
Pneumococcal infection,[49]
Accident,"[59, 60, 77]"
Pleural effusion,[66]
Internal bleeding,[76]
Colitis,[62]
Tumors of the hematopoietic and lymphoid tissues,[69]
Deep hypothermic circulatory arrest,[77]
Appendix cancer,[64]
Battle of Karbala,"[33, 55]"
New York City,[53]
Ministry of Intelligence,[59]
Paratyphoid fever,[68]
Gallbladder,"[96, 67]"
Thymus,[69]
Morphine,[32]
Cerebrovascular disease,"[93, 67]"
Jack McCall,[39]
Gig (carriage),[76]
Ascites,[66]
Battle of Bloody Bay,[65]
Metastasis,[60]
Tournament (medieval),[43]
Ischemic colitis,[70]
Frederick William I of Prussia,[26]
Extrajudicial killing,[52]
Hypertension,"[62, 70]"
Vasculitis,[70]
Pyroclastic flow,[84]
Arthritis,"[70, 86]"
Gas chamber,[9]
Gout,[78]
Enteritis,[61]
Shootout,[31]
Paralysis (disambiguation),[56]
Paroxysmal nocturnal hemoglobinuria,[71]
Periampullary cancer,[74]
Mount Unzen,[49]
Perioperative mortality,[78]
Islamic State of Iraq and the Levant,[83]
General paresis of the insane,[34]
Encephalitis,[70]
Head injury,[28]
Endoscopy,[73]
Massacre,[67]
Malnutrition,[66]
Polymyalgia rheumatica,[95]
Cerebral infarction,[89]
Urinary tract infection,[87]
Hematology,[75]
Osteoporosis,[77]
One World Trade Center,[54]
United States Marshals Service,[38]
Angioplasty,[83]
Gastritis,[66]
Open verdict,[67]
Defenestration,[46]
Ewing's sarcoma,[60]
Brain injury,[79]
Hip fracture,[101]
Methadone,[38]
Complications of diabetes mellitus,[81]
Henriette Caillaux,[56]
Creutzfeldt–Jakob disease,[79]
Sniper,[31]
Mercury poisoning,[52]
Tropical sprue,[29]
Nazism,[46]
Myelofibrosis,[61]
Rheumatoid arthritis,[68]
Ulcerative colitis,[68]
Oropharyngeal cancer,[48]
Pyelonephritis,[80]
Collision,[31]
Hypervitaminosis A,[31]
Guillain–Barré syndrome,[86]
